"TimeGenerated [UTC]",Computer,Val
"2/6/2026, 7:39:30.000 AM",azuremonitoring,"7126.828125"
"2/6/2026, 7:38:30.000 AM",azuremonitoring,"7129.667969"
"2/6/2026, 7:37:30.000 AM",azuremonitoring,"7123.519531"
"2/6/2026, 7:36:30.000 AM",azuremonitoring,"7126.898438"
"2/6/2026, 7:35:30.000 AM",azuremonitoring,"7127.242188"
"2/6/2026, 7:34:30.000 AM",azuremonitoring,"7124.042969"
"2/6/2026, 7:33:30.000 AM",azuremonitoring,"7126.664062"
"2/6/2026, 7:32:30.000 AM",azuremonitoring,"7126.511719"
"2/6/2026, 7:31:30.000 AM",azuremonitoring,"7130.65625"
"2/6/2026, 7:30:30.000 AM",azuremonitoring,"7125.84375"
"2/6/2026, 7:29:30.000 AM",azuremonitoring,"7130.957031"
"2/6/2026, 7:28:30.000 AM",azuremonitoring,"7135.425781"
"2/6/2026, 7:27:30.000 AM",azuremonitoring,"7130.9375"
"2/6/2026, 7:26:30.000 AM",azuremonitoring,"7128.6875"
"2/6/2026, 7:25:30.000 AM",azuremonitoring,"7115.445312"
"2/6/2026, 7:24:30.000 AM",azuremonitoring,"7128.152344"
"2/6/2026, 7:23:30.000 AM",azuremonitoring,"7130.953125"
"2/6/2026, 7:22:30.000 AM",azuremonitoring,"7130.542969"
"2/6/2026, 7:21:30.000 AM",azuremonitoring,"7117.339844"
"2/6/2026, 7:20:30.000 AM",azuremonitoring,"7126.671875"
"2/6/2026, 7:19:30.000 AM",azuremonitoring,"7124.921875"
"2/6/2026, 7:18:30.000 AM",azuremonitoring,"7127.675781"
"2/6/2026, 7:17:30.000 AM",azuremonitoring,"7127.660156"
"2/6/2026, 7:16:30.000 AM",azuremonitoring,"7115.089844"
"2/6/2026, 7:15:30.000 AM",azuremonitoring,"7061.976562"
"2/6/2026, 7:14:30.000 AM",azuremonitoring,"7130.113281"
"2/6/2026, 7:13:30.000 AM",azuremonitoring,"7119.675781"
"2/6/2026, 7:12:30.000 AM",azuremonitoring,"7127.839844"
"2/6/2026, 7:11:30.000 AM",azuremonitoring,"7132.621094"
"2/6/2026, 7:10:30.000 AM",azuremonitoring,"7133.625"
"2/6/2026, 7:09:30.000 AM",azuremonitoring,"7135.109375"
"2/6/2026, 7:08:30.000 AM",azuremonitoring,"7131.050781"
"2/6/2026, 7:07:30.000 AM",azuremonitoring,"7131.953125"
"2/6/2026, 7:06:30.000 AM",azuremonitoring,"7123.921875"
"2/6/2026, 7:05:30.000 AM",azuremonitoring,"7125.804688"
"2/6/2026, 7:04:30.000 AM",azuremonitoring,"7132.953125"
"2/6/2026, 7:03:30.000 AM",azuremonitoring,"7134.191406"
"2/6/2026, 7:02:30.000 AM",azuremonitoring,"7126.863281"
"2/6/2026, 7:01:30.000 AM",azuremonitoring,"7129.691406"
"2/6/2026, 7:00:30.000 AM",azuremonitoring,"7127.328125"
"2/6/2026, 6:59:30.000 AM",azuremonitoring,"7127.515625"
"2/6/2026, 6:58:30.000 AM",azuremonitoring,"7136.609375"
"2/6/2026, 6:57:30.000 AM",azuremonitoring,"7130.683594"
"2/6/2026, 6:56:30.000 AM",azuremonitoring,"7133.597656"
"2/6/2026, 6:55:30.000 AM",azuremonitoring,"7124.0625"
"2/6/2026, 6:54:30.000 AM",azuremonitoring,"7130.929688"
"2/6/2026, 6:53:30.000 AM",azuremonitoring,"7126.910156"
"2/6/2026, 6:52:30.000 AM",azuremonitoring,"7131.6875"
"2/6/2026, 6:51:30.000 AM",azuremonitoring,"7126.984375"
"2/6/2026, 6:50:30.000 AM",azuremonitoring,"7131.050781"
"2/6/2026, 6:49:30.000 AM",azuremonitoring,"7136.3125"
"2/6/2026, 6:48:30.000 AM",azuremonitoring,"7130.601562"
"2/6/2026, 6:47:30.000 AM",azuremonitoring,"7131.804688"
"2/6/2026, 6:46:30.000 AM",azuremonitoring,"7121.382812"
"2/6/2026, 6:45:30.000 AM",azuremonitoring,"7123.015625"
"2/6/2026, 6:44:30.000 AM",azuremonitoring,"7123.773438"
"2/6/2026, 6:43:30.000 AM",azuremonitoring,"7104.730469"
"2/6/2026, 6:42:30.000 AM",azuremonitoring,"7124.734375"
"2/6/2026, 6:41:30.000 AM",azuremonitoring,"7122.976562"
"2/6/2026, 6:40:30.000 AM",azuremonitoring,"7130.554688"
"2/6/2026, 6:39:30.000 AM",azuremonitoring,"7123.105469"
"2/6/2026, 6:38:30.000 AM",azuremonitoring,"7126.023438"
"2/6/2026, 6:37:30.000 AM",azuremonitoring,"7132.683594"
"2/6/2026, 6:36:30.000 AM",azuremonitoring,"7126.636719"
"2/6/2026, 6:35:30.000 AM",azuremonitoring,"7124.695312"
"2/6/2026, 6:34:30.000 AM",azuremonitoring,"7138.222656"
"2/6/2026, 6:33:30.000 AM",azuremonitoring,"7132.660156"
"2/6/2026, 6:32:30.000 AM",azuremonitoring,"7132.46875"
"2/6/2026, 6:31:30.000 AM",azuremonitoring,"7132.417969"
"2/6/2026, 6:30:30.000 AM",azuremonitoring,"7130.046875"
"2/6/2026, 6:29:30.000 AM",azuremonitoring,"7129.582031"
"2/6/2026, 6:28:30.000 AM",azuremonitoring,"7124.183594"
"2/6/2026, 6:27:30.000 AM",azuremonitoring,"7134.648438"
"2/6/2026, 6:26:30.000 AM",azuremonitoring,"7129.992188"
"2/6/2026, 6:25:30.000 AM",azuremonitoring,"7134.433594"
"2/6/2026, 6:24:30.000 AM",azuremonitoring,"7135.277344"
"2/6/2026, 6:23:30.000 AM",azuremonitoring,"7129.25"
"2/6/2026, 6:22:30.000 AM",azuremonitoring,"7133.035156"
"2/6/2026, 6:21:30.000 AM",azuremonitoring,"7131.746094"
"2/6/2026, 6:20:30.000 AM",azuremonitoring,"7126.375"
"2/6/2026, 6:19:30.000 AM",azuremonitoring,"7129.222656"
"2/6/2026, 6:18:30.000 AM",azuremonitoring,"7127.699219"
"2/6/2026, 6:17:30.000 AM",azuremonitoring,"7129.425781"
"2/6/2026, 6:16:30.000 AM",azuremonitoring,"7124.8125"
"2/6/2026, 6:15:30.000 AM",azuremonitoring,"7130.207031"
"2/6/2026, 6:14:30.000 AM",azuremonitoring,"7127.910156"
"2/6/2026, 6:13:30.000 AM",azuremonitoring,"7133.3125"
"2/6/2026, 6:12:30.000 AM",azuremonitoring,"7131.953125"
"2/6/2026, 6:11:30.000 AM",azuremonitoring,"7127.289062"
"2/6/2026, 6:10:30.000 AM",azuremonitoring,"7132.527344"
"2/6/2026, 6:09:30.000 AM",azuremonitoring,"7133.832031"
"2/6/2026, 6:08:30.000 AM",azuremonitoring,"7129.894531"
"2/6/2026, 6:07:30.000 AM",azuremonitoring,"7131.105469"
"2/6/2026, 6:06:30.000 AM",azuremonitoring,"7134.3125"
"2/6/2026, 6:05:30.000 AM",azuremonitoring,"7128.378906"
"2/6/2026, 6:04:30.000 AM",azuremonitoring,"7129.523438"
"2/6/2026, 6:03:30.000 AM",azuremonitoring,"7130.953125"
"2/6/2026, 6:02:30.000 AM",azuremonitoring,"7131.960938"
"2/6/2026, 6:01:30.000 AM",azuremonitoring,"7132.554688"
"2/6/2026, 6:00:30.000 AM",azuremonitoring,"7130.082031"
"2/6/2026, 5:59:30.000 AM",azuremonitoring,"7133.179688"
"2/6/2026, 5:58:30.000 AM",azuremonitoring,"7125.671875"
"2/6/2026, 5:57:30.000 AM",azuremonitoring,"7131.738281"
"2/6/2026, 5:56:30.000 AM",azuremonitoring,"7131.808594"
"2/6/2026, 5:55:30.000 AM",azuremonitoring,"7129.707031"
"2/6/2026, 5:54:30.000 AM",azuremonitoring,"7132.214844"
"2/6/2026, 5:53:30.000 AM",azuremonitoring,"7131.933594"
"2/6/2026, 5:52:30.000 AM",azuremonitoring,"7129.015625"
"2/6/2026, 5:51:30.000 AM",azuremonitoring,"7136.855469"
"2/6/2026, 5:50:30.000 AM",azuremonitoring,"7134.503906"
"2/6/2026, 5:49:30.000 AM",azuremonitoring,"7131.125"
"2/6/2026, 5:48:30.000 AM",azuremonitoring,"7134.375"
"2/6/2026, 5:47:30.000 AM",azuremonitoring,"7131.242188"
"2/6/2026, 5:46:30.000 AM",azuremonitoring,"7135.976562"
"2/6/2026, 5:45:30.000 AM",azuremonitoring,"7129.351562"
"2/6/2026, 5:44:30.000 AM",azuremonitoring,"7137.910156"
"2/6/2026, 5:43:30.000 AM",azuremonitoring,"7131.09375"
"2/6/2026, 5:42:30.000 AM",azuremonitoring,"7125.804688"
"2/6/2026, 5:41:30.000 AM",azuremonitoring,"7123.804688"
"2/6/2026, 5:40:30.000 AM",azuremonitoring,"7132.890625"
"2/6/2026, 5:39:30.000 AM",azuremonitoring,"7134.75"
"2/6/2026, 5:38:30.000 AM",azuremonitoring,"7136.078125"
"2/6/2026, 5:37:30.000 AM",azuremonitoring,"7133.042969"
"2/6/2026, 5:36:30.000 AM",azuremonitoring,"7134.988281"
"2/6/2026, 5:35:30.000 AM",azuremonitoring,"7133.140625"
"2/6/2026, 5:34:30.000 AM",azuremonitoring,"7134.515625"
"2/6/2026, 5:33:30.000 AM",azuremonitoring,"7130.894531"
"2/6/2026, 5:32:30.000 AM",azuremonitoring,"7132.726562"
"2/6/2026, 5:31:30.000 AM",azuremonitoring,"7124.273438"
"2/6/2026, 5:30:30.000 AM",azuremonitoring,"7127.515625"
"2/6/2026, 5:29:30.000 AM",azuremonitoring,"7137.851562"
"2/6/2026, 5:28:30.000 AM",azuremonitoring,"7130.253906"
"2/6/2026, 5:27:30.000 AM",azuremonitoring,"7134.679688"
"2/6/2026, 5:26:30.000 AM",azuremonitoring,"7128.75"
"2/6/2026, 5:25:30.000 AM",azuremonitoring,"7128.320312"
"2/6/2026, 5:24:30.000 AM",azuremonitoring,"7136.402344"
"2/6/2026, 5:23:30.000 AM",azuremonitoring,"7130.335938"
"2/6/2026, 5:22:30.000 AM",azuremonitoring,"7134.953125"
"2/6/2026, 5:21:30.000 AM",azuremonitoring,"7129.011719"
"2/6/2026, 5:20:30.000 AM",azuremonitoring,"7135.199219"
"2/6/2026, 5:19:30.000 AM",azuremonitoring,"7130.734375"
"2/6/2026, 5:18:30.000 AM",azuremonitoring,"7128.835938"
"2/6/2026, 5:17:30.000 AM",azuremonitoring,"7130.613281"
"2/6/2026, 5:16:30.000 AM",azuremonitoring,"7134.917969"
"2/6/2026, 5:15:30.000 AM",azuremonitoring,"7132.039062"
"2/6/2026, 5:14:30.000 AM",azuremonitoring,"7133.878906"
"2/6/2026, 5:13:30.000 AM",azuremonitoring,"7126.324219"
"2/6/2026, 5:12:30.000 AM",azuremonitoring,"7122.769531"
"2/6/2026, 5:11:30.000 AM",azuremonitoring,"7134.007812"
"2/6/2026, 5:10:30.000 AM",azuremonitoring,"7131.984375"
"2/6/2026, 5:09:30.000 AM",azuremonitoring,"7137.089844"
"2/6/2026, 5:08:30.000 AM",azuremonitoring,"7130.242188"
"2/6/2026, 5:07:30.000 AM",azuremonitoring,"7135.988281"
"2/6/2026, 5:06:30.000 AM",azuremonitoring,"7137.882812"
"2/6/2026, 5:05:30.000 AM",azuremonitoring,"7128.722656"
"2/6/2026, 5:04:30.000 AM",azuremonitoring,"7130.691406"
"2/6/2026, 5:03:30.000 AM",azuremonitoring,"7131.46875"
"2/6/2026, 5:02:30.000 AM",azuremonitoring,"7134.851562"
"2/6/2026, 5:01:30.000 AM",azuremonitoring,"7129.304688"
"2/6/2026, 5:00:30.000 AM",azuremonitoring,"7134.0625"
"2/6/2026, 4:59:30.000 AM",azuremonitoring,"7131.269531"
"2/6/2026, 4:58:30.000 AM",azuremonitoring,"7132.445312"
"2/6/2026, 4:57:30.000 AM",azuremonitoring,"7133.449219"
"2/6/2026, 4:56:30.000 AM",azuremonitoring,"7133.839844"
"2/6/2026, 4:55:30.000 AM",azuremonitoring,"7136.375"
"2/6/2026, 4:54:30.000 AM",azuremonitoring,"7127.707031"
"2/6/2026, 4:53:30.000 AM",azuremonitoring,"7130.007812"
"2/6/2026, 4:52:30.000 AM",azuremonitoring,"7132.949219"
"2/6/2026, 4:51:30.000 AM",azuremonitoring,"7126.585938"
"2/6/2026, 4:50:30.000 AM",azuremonitoring,"7138.523438"
"2/6/2026, 4:49:30.000 AM",azuremonitoring,"7138.214844"
"2/6/2026, 4:48:30.000 AM",azuremonitoring,"7133.964844"
"2/6/2026, 4:47:30.000 AM",azuremonitoring,"7137.484375"
"2/6/2026, 4:46:30.000 AM",azuremonitoring,"7139.414062"
"2/6/2026, 4:45:30.000 AM",azuremonitoring,"7131.609375"
"2/6/2026, 4:44:30.000 AM",azuremonitoring,"7136.851562"
"2/6/2026, 4:43:30.000 AM",azuremonitoring,"7134.902344"
"2/6/2026, 4:42:30.000 AM",azuremonitoring,"7136.976562"
"2/6/2026, 4:41:30.000 AM",azuremonitoring,"7128.234375"
"2/6/2026, 4:40:30.000 AM",azuremonitoring,"7132.515625"
"2/6/2026, 4:39:30.000 AM",azuremonitoring,"7131.53125"
"2/6/2026, 4:38:30.000 AM",azuremonitoring,"7135.519531"
"2/6/2026, 4:37:30.000 AM",azuremonitoring,"7135.796875"
"2/6/2026, 4:36:30.000 AM",azuremonitoring,"7131.382812"
"2/6/2026, 4:35:30.000 AM",azuremonitoring,"7134.96875"
"2/6/2026, 4:34:30.000 AM",azuremonitoring,"7128.785156"
"2/6/2026, 4:33:30.000 AM",azuremonitoring,"7129.089844"
"2/6/2026, 4:32:30.000 AM",azuremonitoring,"7131.125"
"2/6/2026, 4:31:30.000 AM",azuremonitoring,"7130.03125"
"2/6/2026, 4:30:30.000 AM",azuremonitoring,"7133.433594"
"2/6/2026, 4:29:30.000 AM",azuremonitoring,"7131.558594"
"2/6/2026, 4:28:30.000 AM",azuremonitoring,"7136.003906"
"2/6/2026, 4:27:30.000 AM",azuremonitoring,"7123.207031"
"2/6/2026, 4:26:30.000 AM",azuremonitoring,"7133.039062"
"2/6/2026, 4:25:30.000 AM",azuremonitoring,"7130.433594"
"2/6/2026, 4:24:30.000 AM",azuremonitoring,"7139.601562"
"2/6/2026, 4:23:30.000 AM",azuremonitoring,"7135.46875"
"2/6/2026, 4:22:30.000 AM",azuremonitoring,"7134.246094"
"2/6/2026, 4:21:30.000 AM",azuremonitoring,"7130.8125"
"2/6/2026, 4:20:30.000 AM",azuremonitoring,"7129.128906"
"2/6/2026, 4:19:30.000 AM",azuremonitoring,"7138.097656"
"2/6/2026, 4:18:30.000 AM",azuremonitoring,"7133.269531"
"2/6/2026, 4:17:30.000 AM",azuremonitoring,"7136.585938"
"2/6/2026, 4:16:30.000 AM",azuremonitoring,"7128.433594"
"2/6/2026, 4:15:30.000 AM",azuremonitoring,"7136.292969"
"2/6/2026, 4:14:30.000 AM",azuremonitoring,"7132.101562"
"2/6/2026, 4:13:30.000 AM",azuremonitoring,"7135.148438"
"2/6/2026, 4:12:30.000 AM",azuremonitoring,"7127.191406"
"2/6/2026, 4:11:30.000 AM",azuremonitoring,"7131.464844"
"2/6/2026, 4:10:30.000 AM",azuremonitoring,"7130.269531"
"2/6/2026, 4:09:30.000 AM",azuremonitoring,"7130.519531"
"2/6/2026, 4:08:30.000 AM",azuremonitoring,"7136.503906"
"2/6/2026, 4:07:30.000 AM",azuremonitoring,"7131.671875"
"2/6/2026, 4:06:30.000 AM",azuremonitoring,"7134.046875"
"2/6/2026, 4:05:30.000 AM",azuremonitoring,"7133.621094"
"2/6/2026, 4:04:30.000 AM",azuremonitoring,"7135.683594"
"2/6/2026, 4:03:30.000 AM",azuremonitoring,"7137.203125"
"2/6/2026, 4:02:30.000 AM",azuremonitoring,"7125.59375"
"2/6/2026, 4:01:30.000 AM",azuremonitoring,"7128.761719"
"2/6/2026, 4:00:30.000 AM",azuremonitoring,"7138.996094"
"2/6/2026, 3:59:30.000 AM",azuremonitoring,"7129.226562"
"2/6/2026, 3:58:30.000 AM",azuremonitoring,"7125.03125"
"2/6/2026, 3:57:30.000 AM",azuremonitoring,"7135.640625"
"2/6/2026, 3:56:30.000 AM",azuremonitoring,"7132.542969"
"2/6/2026, 3:55:30.000 AM",azuremonitoring,"7134.871094"
"2/6/2026, 3:54:30.000 AM",azuremonitoring,"7124.15625"
"2/6/2026, 3:53:30.000 AM",azuremonitoring,"7123.746094"
"2/6/2026, 3:52:30.000 AM",azuremonitoring,"7139.511719"
"2/6/2026, 3:51:30.000 AM",azuremonitoring,"7132.546875"
"2/6/2026, 3:50:30.000 AM",azuremonitoring,"7134.671875"
"2/6/2026, 3:49:30.000 AM",azuremonitoring,"7133.519531"
"2/6/2026, 3:48:30.000 AM",azuremonitoring,"7132.632812"
"2/6/2026, 3:47:30.000 AM",azuremonitoring,"7134.730469"
"2/6/2026, 3:46:30.000 AM",azuremonitoring,"7129.269531"
"2/6/2026, 3:45:30.000 AM",azuremonitoring,"7137.921875"
"2/6/2026, 3:44:30.000 AM",azuremonitoring,"7138.429688"
"2/6/2026, 3:43:30.000 AM",azuremonitoring,"7135.964844"
"2/6/2026, 3:42:30.000 AM",azuremonitoring,"7132.160156"
"2/6/2026, 3:41:30.000 AM",azuremonitoring,"7137.175781"
"2/6/2026, 3:40:30.000 AM",azuremonitoring,"7138.453125"
"2/6/2026, 3:39:30.000 AM",azuremonitoring,"7132.742188"
"2/6/2026, 3:38:30.000 AM",azuremonitoring,"7135.0625"
"2/6/2026, 3:37:30.000 AM",azuremonitoring,"7137.679688"
"2/6/2026, 3:36:30.000 AM",azuremonitoring,"7131.824219"
"2/6/2026, 3:35:30.000 AM",azuremonitoring,"7134.425781"
"2/6/2026, 3:34:30.000 AM",azuremonitoring,"7129.570312"
"2/6/2026, 3:33:30.000 AM",azuremonitoring,"7132.976562"
"2/6/2026, 3:32:30.000 AM",azuremonitoring,"7137.859375"
"2/6/2026, 3:31:30.000 AM",azuremonitoring,"7132.675781"
"2/6/2026, 3:30:30.000 AM",azuremonitoring,"7130.285156"
"2/6/2026, 3:29:30.000 AM",azuremonitoring,"7140.671875"
"2/6/2026, 3:28:30.000 AM",azuremonitoring,"7136.34375"
"2/6/2026, 3:27:30.000 AM",azuremonitoring,"7134.347656"
"2/6/2026, 3:26:30.000 AM",azuremonitoring,"7140.09375"
"2/6/2026, 3:25:30.000 AM",azuremonitoring,"7133.636719"
"2/6/2026, 3:24:30.000 AM",azuremonitoring,"7132.472656"
"2/6/2026, 3:23:30.000 AM",azuremonitoring,"7136.890625"
"2/6/2026, 3:22:30.000 AM",azuremonitoring,"7140.6875"
"2/6/2026, 3:21:30.000 AM",azuremonitoring,"7139.9375"
"2/6/2026, 3:20:30.000 AM",azuremonitoring,"7136.773438"
"2/6/2026, 3:19:30.000 AM",azuremonitoring,"7127.351562"
"2/6/2026, 3:18:30.000 AM",azuremonitoring,"7136.976562"
"2/6/2026, 3:17:30.000 AM",azuremonitoring,"7133.652344"
"2/6/2026, 3:16:30.000 AM",azuremonitoring,"7138.613281"
"2/6/2026, 3:15:30.000 AM",azuremonitoring,"7138.976562"
"2/6/2026, 3:14:30.000 AM",azuremonitoring,"7136.636719"
"2/6/2026, 3:13:30.000 AM",azuremonitoring,"7132.324219"
"2/6/2026, 3:12:30.000 AM",azuremonitoring,"7116.894531"
"2/6/2026, 3:11:30.000 AM",azuremonitoring,"7137.132812"
"2/6/2026, 3:10:30.000 AM",azuremonitoring,"7133.566406"
"2/6/2026, 3:09:30.000 AM",azuremonitoring,"7140.589844"
"2/6/2026, 3:08:30.000 AM",azuremonitoring,"7129.785156"
"2/6/2026, 3:07:30.000 AM",azuremonitoring,"7136.375"
"2/6/2026, 3:06:30.000 AM",azuremonitoring,"7140.171875"
"2/6/2026, 3:05:30.000 AM",azuremonitoring,"7136.199219"
"2/6/2026, 3:04:30.000 AM",azuremonitoring,"7141.117188"
"2/6/2026, 3:03:30.000 AM",azuremonitoring,"7141.371094"
"2/6/2026, 3:02:30.000 AM",azuremonitoring,"7141.035156"
"2/6/2026, 3:01:30.000 AM",azuremonitoring,"7130.75"
"2/6/2026, 3:00:30.000 AM",azuremonitoring,"7133.273438"
"2/6/2026, 2:59:30.000 AM",azuremonitoring,"7138.597656"
"2/6/2026, 2:58:30.000 AM",azuremonitoring,"7141.003906"
"2/6/2026, 2:57:30.000 AM",azuremonitoring,"7134.246094"
"2/6/2026, 2:56:30.000 AM",azuremonitoring,"7132.152344"
"2/6/2026, 2:55:30.000 AM",azuremonitoring,"7136.117188"
"2/6/2026, 2:54:30.000 AM",azuremonitoring,"7137.65625"
"2/6/2026, 2:53:30.000 AM",azuremonitoring,"7141.929688"
"2/6/2026, 2:52:30.000 AM",azuremonitoring,"7130.96875"
"2/6/2026, 2:51:30.000 AM",azuremonitoring,"7137.75"
"2/6/2026, 2:50:30.000 AM",azuremonitoring,"7135.046875"
"2/6/2026, 2:49:30.000 AM",azuremonitoring,"7140.265625"
"2/6/2026, 2:48:30.000 AM",azuremonitoring,"7143.015625"
"2/6/2026, 2:47:30.000 AM",azuremonitoring,"7137.765625"
"2/6/2026, 2:46:30.000 AM",azuremonitoring,"7141.71875"
"2/6/2026, 2:45:30.000 AM",azuremonitoring,"7135.28125"
"2/6/2026, 2:44:30.000 AM",azuremonitoring,"7143.300781"
"2/6/2026, 2:43:30.000 AM",azuremonitoring,"7135.320312"
"2/6/2026, 2:42:30.000 AM",azuremonitoring,"7135.492188"
"2/6/2026, 2:41:30.000 AM",azuremonitoring,"7135.335938"
"2/6/2026, 2:40:30.000 AM",azuremonitoring,"7136.332031"
"2/6/2026, 2:39:30.000 AM",azuremonitoring,"7141.808594"
"2/6/2026, 2:38:30.000 AM",azuremonitoring,"7140.820312"
"2/6/2026, 2:37:30.000 AM",azuremonitoring,"7142.554688"
"2/6/2026, 2:36:30.000 AM",azuremonitoring,"7130.257812"
"2/6/2026, 2:35:30.000 AM",azuremonitoring,"7136.546875"
"2/6/2026, 2:34:30.000 AM",azuremonitoring,"7141.773438"
"2/6/2026, 2:33:30.000 AM",azuremonitoring,"7141.105469"
"2/6/2026, 2:32:30.000 AM",azuremonitoring,"7133.679688"
"2/6/2026, 2:31:30.000 AM",azuremonitoring,"7136.933594"
"2/6/2026, 2:30:30.000 AM",azuremonitoring,"7137.351562"
"2/6/2026, 2:29:30.000 AM",azuremonitoring,"7139.398438"
"2/6/2026, 2:28:30.000 AM",azuremonitoring,"7138.125"
"2/6/2026, 2:27:30.000 AM",azuremonitoring,"7141.695312"
"2/6/2026, 2:26:30.000 AM",azuremonitoring,"7142.265625"
"2/6/2026, 2:25:30.000 AM",azuremonitoring,"7133.558594"
"2/6/2026, 2:24:30.000 AM",azuremonitoring,"7142.132812"
"2/6/2026, 2:23:30.000 AM",azuremonitoring,"7138.855469"
"2/6/2026, 2:22:30.000 AM",azuremonitoring,"7139.71875"
"2/6/2026, 2:21:30.000 AM",azuremonitoring,7142
"2/6/2026, 2:20:30.000 AM",azuremonitoring,"7140.6875"
"2/6/2026, 2:19:30.000 AM",azuremonitoring,"7143.71875"
"2/6/2026, 2:18:30.000 AM",azuremonitoring,"7138.207031"
"2/6/2026, 2:17:30.000 AM",azuremonitoring,"7141.246094"
"2/6/2026, 2:16:30.000 AM",azuremonitoring,"7131.671875"
"2/6/2026, 2:15:30.000 AM",azuremonitoring,"7128.578125"
"2/6/2026, 2:14:30.000 AM",azuremonitoring,"7140.371094"
"2/6/2026, 2:13:30.000 AM",azuremonitoring,"7137.996094"
"2/6/2026, 2:12:30.000 AM",azuremonitoring,"7141.210938"
"2/6/2026, 2:11:30.000 AM",azuremonitoring,"7129.890625"
"2/6/2026, 2:10:30.000 AM",azuremonitoring,"7141.859375"
"2/6/2026, 2:09:30.000 AM",azuremonitoring,"7143.265625"
"2/6/2026, 2:08:30.000 AM",azuremonitoring,"7138.699219"
"2/6/2026, 2:07:30.000 AM",azuremonitoring,"7135.789062"
"2/6/2026, 2:06:30.000 AM",azuremonitoring,"7139.738281"
"2/6/2026, 2:05:30.000 AM",azuremonitoring,"7143.757812"
"2/6/2026, 2:04:30.000 AM",azuremonitoring,"7138.628906"
"2/6/2026, 2:03:30.000 AM",azuremonitoring,"7140.46875"
"2/6/2026, 2:02:30.000 AM",azuremonitoring,"7139.089844"
"2/6/2026, 2:01:30.000 AM",azuremonitoring,"7142.933594"
"2/6/2026, 2:00:30.000 AM",azuremonitoring,"7135.566406"
"2/6/2026, 1:59:30.000 AM",azuremonitoring,"7142.609375"
"2/6/2026, 1:58:30.000 AM",azuremonitoring,"7136.546875"
"2/6/2026, 1:57:30.000 AM",azuremonitoring,"7136.476562"
"2/6/2026, 1:56:30.000 AM",azuremonitoring,"7137.519531"
"2/6/2026, 1:55:30.000 AM",azuremonitoring,"7139.769531"
"2/6/2026, 1:54:30.000 AM",azuremonitoring,"7139.730469"
"2/6/2026, 1:53:30.000 AM",azuremonitoring,"7140.777344"
"2/6/2026, 1:52:30.000 AM",azuremonitoring,"7141.097656"
"2/6/2026, 1:51:30.000 AM",azuremonitoring,"7134.855469"
"2/6/2026, 1:50:30.000 AM",azuremonitoring,"7139.328125"
"2/6/2026, 1:49:30.000 AM",azuremonitoring,"7131.390625"
"2/6/2026, 1:48:30.000 AM",azuremonitoring,"7133.046875"
"2/6/2026, 1:47:30.000 AM",azuremonitoring,"7139.195312"
"2/6/2026, 1:46:30.000 AM",azuremonitoring,"7140.648438"
"2/6/2026, 1:45:30.000 AM",azuremonitoring,"7138.242188"
"2/6/2026, 1:44:30.000 AM",azuremonitoring,"7141.957031"
"2/6/2026, 1:43:30.000 AM",azuremonitoring,"7138.726562"
"2/6/2026, 1:42:30.000 AM",azuremonitoring,"7139.496094"
"2/6/2026, 1:41:30.000 AM",azuremonitoring,"7139.054688"
"2/6/2026, 1:40:30.000 AM",azuremonitoring,"7135.035156"
"2/6/2026, 1:39:30.000 AM",azuremonitoring,"7136.621094"
"2/6/2026, 1:38:30.000 AM",azuremonitoring,"7138.058594"
"2/6/2026, 1:37:30.000 AM",azuremonitoring,"7138.570312"
"2/6/2026, 1:36:30.000 AM",azuremonitoring,"7136.554688"
"2/6/2026, 1:35:30.000 AM",azuremonitoring,"7131.789062"
"2/6/2026, 1:34:30.000 AM",azuremonitoring,"7139.839844"
"2/6/2026, 1:33:30.000 AM",azuremonitoring,"7137.546875"
"2/6/2026, 1:32:30.000 AM",azuremonitoring,"7139.734375"
"2/6/2026, 1:31:30.000 AM",azuremonitoring,"7135.128906"
"2/6/2026, 1:30:30.000 AM",azuremonitoring,"7138.472656"
"2/6/2026, 1:29:30.000 AM",azuremonitoring,"7139.164062"
"2/6/2026, 1:28:30.000 AM",azuremonitoring,"7143.878906"
"2/6/2026, 1:27:30.000 AM",azuremonitoring,"7139.273438"
"2/6/2026, 1:26:30.000 AM",azuremonitoring,"7132.109375"
"2/6/2026, 1:25:30.000 AM",azuremonitoring,"7137.574219"
"2/6/2026, 1:24:30.000 AM",azuremonitoring,"7134.5625"
"2/6/2026, 1:23:30.000 AM",azuremonitoring,"7137.839844"
"2/6/2026, 1:22:30.000 AM",azuremonitoring,"7139.980469"
"2/6/2026, 1:21:30.000 AM",azuremonitoring,"7138.605469"
"2/6/2026, 1:20:30.000 AM",azuremonitoring,"7139.121094"
"2/6/2026, 1:19:30.000 AM",azuremonitoring,"7140.597656"
"2/6/2026, 1:18:30.000 AM",azuremonitoring,"7130.402344"
"2/6/2026, 1:17:30.000 AM",azuremonitoring,"7140.976562"
"2/6/2026, 1:16:30.000 AM",azuremonitoring,"7137.542969"
"2/6/2026, 1:15:30.000 AM",azuremonitoring,"7140.34375"
"2/6/2026, 1:14:30.000 AM",azuremonitoring,"7140.378906"
"2/6/2026, 1:13:30.000 AM",azuremonitoring,"7129.621094"
"2/6/2026, 1:12:30.000 AM",azuremonitoring,"7140.457031"
"2/6/2026, 1:11:30.000 AM",azuremonitoring,"7124.363281"
"2/6/2026, 1:10:30.000 AM",azuremonitoring,"7135.175781"
"2/6/2026, 1:09:30.000 AM",azuremonitoring,"7135.539062"
"2/6/2026, 1:08:30.000 AM",azuremonitoring,"7144.554688"
"2/6/2026, 1:07:30.000 AM",azuremonitoring,"7132.003906"
"2/6/2026, 1:06:30.000 AM",azuremonitoring,"7136.515625"
"2/6/2026, 1:05:30.000 AM",azuremonitoring,"7140.003906"
"2/6/2026, 1:04:30.000 AM",azuremonitoring,"7144.167969"
"2/6/2026, 1:03:30.000 AM",azuremonitoring,"7140.964844"
"2/6/2026, 1:02:30.000 AM",azuremonitoring,"7142.988281"
"2/6/2026, 1:01:30.000 AM",azuremonitoring,"7139.746094"
"2/6/2026, 1:00:30.000 AM",azuremonitoring,"7135.835938"
"2/6/2026, 12:59:30.000 AM",azuremonitoring,"7141.46875"
"2/6/2026, 12:58:30.000 AM",azuremonitoring,"7131.171875"
"2/6/2026, 12:57:30.000 AM",azuremonitoring,"7137.695312"
"2/6/2026, 12:56:30.000 AM",azuremonitoring,"7138.777344"
"2/6/2026, 12:55:30.000 AM",azuremonitoring,"7140.847656"
"2/6/2026, 12:54:30.000 AM",azuremonitoring,"7135.664062"
"2/6/2026, 12:53:30.000 AM",azuremonitoring,"7144.796875"
"2/6/2026, 12:52:30.000 AM",azuremonitoring,"7136.222656"
"2/6/2026, 12:51:30.000 AM",azuremonitoring,"7135.082031"
"2/6/2026, 12:50:30.000 AM",azuremonitoring,"7137.613281"
"2/6/2026, 12:49:30.000 AM",azuremonitoring,"7136.488281"
"2/6/2026, 12:48:30.000 AM",azuremonitoring,"7136.234375"
"2/6/2026, 12:47:30.000 AM",azuremonitoring,"7136.917969"
"2/6/2026, 12:46:30.000 AM",azuremonitoring,"7142.742188"
"2/6/2026, 12:45:30.000 AM",azuremonitoring,"7145.726562"
"2/6/2026, 12:44:30.000 AM",azuremonitoring,"7140.875"
"2/6/2026, 12:43:30.000 AM",azuremonitoring,"7145.582031"
"2/6/2026, 12:42:30.000 AM",azuremonitoring,"7139.859375"
"2/6/2026, 12:41:30.000 AM",azuremonitoring,"7141.8125"
"2/6/2026, 12:40:30.000 AM",azuremonitoring,"7131.15625"
"2/6/2026, 12:39:30.000 AM",azuremonitoring,"7146.304688"
"2/6/2026, 12:38:30.000 AM",azuremonitoring,"7135.507812"
"2/6/2026, 12:37:30.000 AM",azuremonitoring,"7137.046875"
"2/6/2026, 12:36:30.000 AM",azuremonitoring,"7139.113281"
"2/6/2026, 12:35:30.000 AM",azuremonitoring,"7139.859375"
"2/6/2026, 12:34:30.000 AM",azuremonitoring,"7137.03125"
"2/6/2026, 12:33:30.000 AM",azuremonitoring,"7142.855469"
"2/6/2026, 12:32:30.000 AM",azuremonitoring,"7134.46875"
"2/6/2026, 12:31:30.000 AM",azuremonitoring,"7139.320312"
"2/6/2026, 12:30:30.000 AM",azuremonitoring,"7142.410156"
"2/6/2026, 12:29:30.000 AM",azuremonitoring,"7138.78125"
"2/6/2026, 12:28:30.000 AM",azuremonitoring,"7139.46875"
"2/6/2026, 12:27:30.000 AM",azuremonitoring,"7147.511719"
"2/6/2026, 12:26:30.000 AM",azuremonitoring,"7140.023438"
"2/6/2026, 12:25:30.000 AM",azuremonitoring,"7141.292969"
"2/6/2026, 12:24:30.000 AM",azuremonitoring,"7145.25"
"2/6/2026, 12:23:30.000 AM",azuremonitoring,"7141.417969"
"2/6/2026, 12:22:30.000 AM",azuremonitoring,"7145.007812"
"2/6/2026, 12:21:30.000 AM",azuremonitoring,"7139.109375"
"2/6/2026, 12:20:30.000 AM",azuremonitoring,"7141.925781"
"2/6/2026, 12:19:30.000 AM",azuremonitoring,"7145.007812"
"2/6/2026, 12:18:30.000 AM",azuremonitoring,"7135.839844"
"2/6/2026, 12:17:30.000 AM",azuremonitoring,"7141.59375"
"2/6/2026, 12:16:30.000 AM",azuremonitoring,"7147.753906"
"2/6/2026, 12:15:30.000 AM",azuremonitoring,"7142.785156"
"2/6/2026, 12:14:30.000 AM",azuremonitoring,"7138.566406"
"2/6/2026, 12:13:30.000 AM",azuremonitoring,"7144.292969"
"2/6/2026, 12:12:30.000 AM",azuremonitoring,"7138.140625"
"2/6/2026, 12:11:30.000 AM",azuremonitoring,"7142.78125"
"2/6/2026, 12:10:30.000 AM",azuremonitoring,"7144.445312"
"2/6/2026, 12:09:30.000 AM",azuremonitoring,"7139.417969"
"2/6/2026, 12:08:30.000 AM",azuremonitoring,"7146.84375"
"2/6/2026, 12:07:30.000 AM",azuremonitoring,"7132.449219"
"2/6/2026, 12:06:30.000 AM",azuremonitoring,"7140.472656"
"2/6/2026, 12:05:30.000 AM",azuremonitoring,"7140.933594"
"2/6/2026, 12:04:30.000 AM",azuremonitoring,"7145.179688"
"2/6/2026, 12:03:30.000 AM",azuremonitoring,"7147.335938"
"2/6/2026, 12:02:30.000 AM",azuremonitoring,"7146.316406"
"2/6/2026, 12:01:30.000 AM",azuremonitoring,"7142.40625"
"2/6/2026, 12:00:30.000 AM",azuremonitoring,"7133.222656"
"2/5/2026, 11:59:30.000 PM",azuremonitoring,"7147.984375"
"2/5/2026, 11:58:30.000 PM",azuremonitoring,"7139.207031"
"2/5/2026, 11:57:30.000 PM",azuremonitoring,"7145.832031"
"2/5/2026, 11:56:30.000 PM",azuremonitoring,"7134.851562"
"2/5/2026, 11:55:30.000 PM",azuremonitoring,"7139.84375"
"2/5/2026, 11:54:30.000 PM",azuremonitoring,"7142.066406"
"2/5/2026, 11:53:30.000 PM",azuremonitoring,"7137.773438"
"2/5/2026, 11:52:30.000 PM",azuremonitoring,"7144.417969"
"2/5/2026, 11:51:30.000 PM",azuremonitoring,"7144.785156"
"2/5/2026, 11:50:30.000 PM",azuremonitoring,"7145.460938"
"2/5/2026, 11:49:30.000 PM",azuremonitoring,"7141.597656"
"2/5/2026, 11:48:30.000 PM",azuremonitoring,"7136.285156"
"2/5/2026, 11:47:30.000 PM",azuremonitoring,"7140.089844"
"2/5/2026, 11:46:30.000 PM",azuremonitoring,"7139.492188"
"2/5/2026, 11:45:30.000 PM",azuremonitoring,"7138.320312"
"2/5/2026, 11:44:30.000 PM",azuremonitoring,"7145.089844"
"2/5/2026, 11:43:30.000 PM",azuremonitoring,"7146.734375"
"2/5/2026, 11:42:30.000 PM",azuremonitoring,"7145.765625"
"2/5/2026, 11:41:30.000 PM",azuremonitoring,"7145.898438"
"2/5/2026, 11:40:30.000 PM",azuremonitoring,"7133.953125"
"2/5/2026, 11:39:30.000 PM",azuremonitoring,"7147.246094"
"2/5/2026, 11:38:30.000 PM",azuremonitoring,"7141.484375"
"2/5/2026, 11:37:30.000 PM",azuremonitoring,"7145.230469"
"2/5/2026, 11:36:30.000 PM",azuremonitoring,"7143.113281"
"2/5/2026, 11:35:30.000 PM",azuremonitoring,"7143.527344"
"2/5/2026, 11:34:30.000 PM",azuremonitoring,"7141.496094"
"2/5/2026, 11:33:30.000 PM",azuremonitoring,"7145.746094"
"2/5/2026, 11:32:30.000 PM",azuremonitoring,"7141.867188"
"2/5/2026, 11:31:30.000 PM",azuremonitoring,"7136.578125"
"2/5/2026, 11:30:30.000 PM",azuremonitoring,"7142.605469"
"2/5/2026, 11:29:30.000 PM",azuremonitoring,7143
"2/5/2026, 11:28:30.000 PM",azuremonitoring,"7144.707031"
"2/5/2026, 11:27:30.000 PM",azuremonitoring,"7143.75"
"2/5/2026, 11:26:30.000 PM",azuremonitoring,"7143.707031"
"2/5/2026, 11:25:30.000 PM",azuremonitoring,"7145.117188"
"2/5/2026, 11:24:30.000 PM",azuremonitoring,7148
"2/5/2026, 11:23:30.000 PM",azuremonitoring,"7143.5625"
"2/5/2026, 11:22:30.000 PM",azuremonitoring,"7147.101562"
"2/5/2026, 11:21:30.000 PM",azuremonitoring,"7136.292969"
"2/5/2026, 11:20:30.000 PM",azuremonitoring,"7145.761719"
"2/5/2026, 11:19:30.000 PM",azuremonitoring,"7149.324219"
"2/5/2026, 11:18:30.000 PM",azuremonitoring,"7142.191406"
"2/5/2026, 11:17:30.000 PM",azuremonitoring,"7147.957031"
"2/5/2026, 11:16:30.000 PM",azuremonitoring,"7148.855469"
"2/5/2026, 11:15:30.000 PM",azuremonitoring,"7149.726562"
"2/5/2026, 11:14:30.000 PM",azuremonitoring,"7144.109375"
"2/5/2026, 11:13:30.000 PM",azuremonitoring,"7143.921875"
"2/5/2026, 11:12:30.000 PM",azuremonitoring,"7144.128906"
"2/5/2026, 11:11:30.000 PM",azuremonitoring,"7145.070312"
"2/5/2026, 11:10:30.000 PM",azuremonitoring,"7144.917969"
"2/5/2026, 11:09:30.000 PM",azuremonitoring,"7150.175781"
"2/5/2026, 11:08:30.000 PM",azuremonitoring,"7150.050781"
"2/5/2026, 11:07:30.000 PM",azuremonitoring,"7146.964844"
"2/5/2026, 11:06:30.000 PM",azuremonitoring,"7144.976562"
"2/5/2026, 11:05:30.000 PM",azuremonitoring,"7149.824219"
"2/5/2026, 11:04:30.000 PM",azuremonitoring,"7147.863281"
"2/5/2026, 11:03:30.000 PM",azuremonitoring,"7144.292969"
"2/5/2026, 11:02:30.000 PM",azuremonitoring,"7147.078125"
"2/5/2026, 11:01:30.000 PM",azuremonitoring,"7143.320312"
"2/5/2026, 11:00:30.000 PM",azuremonitoring,"7148.5"
"2/5/2026, 10:59:30.000 PM",azuremonitoring,"7150.453125"
"2/5/2026, 10:58:30.000 PM",azuremonitoring,"7148.46875"
"2/5/2026, 10:57:30.000 PM",azuremonitoring,"7145.304688"
"2/5/2026, 10:56:30.000 PM",azuremonitoring,"7140.5625"
"2/5/2026, 10:55:30.000 PM",azuremonitoring,"7142.996094"
"2/5/2026, 10:54:30.000 PM",azuremonitoring,"7149.253906"
"2/5/2026, 10:53:30.000 PM",azuremonitoring,"7147.96875"
"2/5/2026, 10:52:30.000 PM",azuremonitoring,"7144.554688"
"2/5/2026, 10:51:30.000 PM",azuremonitoring,"7148.945312"
"2/5/2026, 10:50:30.000 PM",azuremonitoring,"7138.535156"
"2/5/2026, 10:49:30.000 PM",azuremonitoring,"7144.269531"
"2/5/2026, 10:48:30.000 PM",azuremonitoring,"7144.878906"
"2/5/2026, 10:47:30.000 PM",azuremonitoring,"7145.300781"
"2/5/2026, 10:46:30.000 PM",azuremonitoring,"7140.535156"
"2/5/2026, 10:45:30.000 PM",azuremonitoring,"7143.996094"
"2/5/2026, 10:44:30.000 PM",azuremonitoring,"7147.015625"
"2/5/2026, 10:43:30.000 PM",azuremonitoring,"7141.226562"
"2/5/2026, 10:42:30.000 PM",azuremonitoring,"7144.820312"
"2/5/2026, 10:41:30.000 PM",azuremonitoring,"7145.339844"
"2/5/2026, 10:40:30.000 PM",azuremonitoring,"7142.992188"
"2/5/2026, 10:39:30.000 PM",azuremonitoring,"7144.097656"
"2/5/2026, 10:38:30.000 PM",azuremonitoring,"7145.167969"
"2/5/2026, 10:37:30.000 PM",azuremonitoring,"7128.375"
"2/5/2026, 10:36:30.000 PM",azuremonitoring,"7140.46875"
"2/5/2026, 10:35:30.000 PM",azuremonitoring,"7146.792969"
"2/5/2026, 10:34:30.000 PM",azuremonitoring,"7147.4375"
"2/5/2026, 10:33:30.000 PM",azuremonitoring,"7146.078125"
"2/5/2026, 10:32:30.000 PM",azuremonitoring,"7145.085938"
"2/5/2026, 10:31:30.000 PM",azuremonitoring,"7141.472656"
"2/5/2026, 10:30:30.000 PM",azuremonitoring,"7137.875"
"2/5/2026, 10:29:30.000 PM",azuremonitoring,"7144.6875"
"2/5/2026, 10:28:30.000 PM",azuremonitoring,"7145.128906"
"2/5/2026, 10:27:30.000 PM",azuremonitoring,"7141.476562"
"2/5/2026, 10:26:30.000 PM",azuremonitoring,"7139.886719"
"2/5/2026, 10:25:30.000 PM",azuremonitoring,"7140.171875"
"2/5/2026, 10:24:30.000 PM",azuremonitoring,"7142.171875"
"2/5/2026, 10:23:30.000 PM",azuremonitoring,"7142.824219"
"2/5/2026, 10:22:30.000 PM",azuremonitoring,"7138.027344"
"2/5/2026, 10:21:30.000 PM",azuremonitoring,"7132.863281"
"2/5/2026, 10:20:30.000 PM",azuremonitoring,"7137.828125"
"2/5/2026, 10:19:30.000 PM",azuremonitoring,"7136.613281"
"2/5/2026, 10:18:30.000 PM",azuremonitoring,"7140.425781"
"2/5/2026, 10:17:30.000 PM",azuremonitoring,"7144.730469"
"2/5/2026, 10:16:30.000 PM",azuremonitoring,"7141.675781"
"2/5/2026, 10:15:30.000 PM",azuremonitoring,"7146.4375"
"2/5/2026, 10:14:30.000 PM",azuremonitoring,"7142.683594"
"2/5/2026, 10:13:30.000 PM",azuremonitoring,"7140.871094"
"2/5/2026, 10:12:30.000 PM",azuremonitoring,"7140.269531"
"2/5/2026, 10:11:30.000 PM",azuremonitoring,"7147.355469"
"2/5/2026, 10:10:30.000 PM",azuremonitoring,"7145.753906"
"2/5/2026, 10:09:30.000 PM",azuremonitoring,"7150.691406"
"2/5/2026, 10:08:30.000 PM",azuremonitoring,"7149.539062"
"2/5/2026, 10:07:30.000 PM",azuremonitoring,"7146.808594"
"2/5/2026, 10:06:30.000 PM",azuremonitoring,"7141.605469"
"2/5/2026, 10:05:30.000 PM",azuremonitoring,"7145.773438"
"2/5/2026, 10:04:30.000 PM",azuremonitoring,"7149.816406"
"2/5/2026, 10:03:30.000 PM",azuremonitoring,"7144.8125"
"2/5/2026, 10:02:30.000 PM",azuremonitoring,"7141.828125"
"2/5/2026, 10:01:30.000 PM",azuremonitoring,"7146.535156"
"2/5/2026, 10:00:30.000 PM",azuremonitoring,"7143.488281"
"2/5/2026, 9:59:30.000 PM",azuremonitoring,"7146.667969"
"2/5/2026, 9:58:30.000 PM",azuremonitoring,"7149.285156"
"2/5/2026, 9:57:30.000 PM",azuremonitoring,"7148.019531"
"2/5/2026, 9:56:30.000 PM",azuremonitoring,"7149.152344"
"2/5/2026, 9:55:30.000 PM",azuremonitoring,"7139.6875"
"2/5/2026, 9:54:30.000 PM",azuremonitoring,"7149.160156"
"2/5/2026, 9:53:30.000 PM",azuremonitoring,"7141.574219"
"2/5/2026, 9:52:30.000 PM",azuremonitoring,"7143.367188"
"2/5/2026, 9:51:30.000 PM",azuremonitoring,"7144.34375"
"2/5/2026, 9:50:30.000 PM",azuremonitoring,"7148.515625"
"2/5/2026, 9:49:30.000 PM",azuremonitoring,"7142.089844"
"2/5/2026, 9:48:30.000 PM",azuremonitoring,"7142.890625"
"2/5/2026, 9:47:30.000 PM",azuremonitoring,"7149.140625"
"2/5/2026, 9:46:30.000 PM",azuremonitoring,"7143.359375"
"2/5/2026, 9:45:30.000 PM",azuremonitoring,"7142.046875"
"2/5/2026, 9:44:30.000 PM",azuremonitoring,"7147.101562"
"2/5/2026, 9:43:30.000 PM",azuremonitoring,"7149.507812"
"2/5/2026, 9:42:30.000 PM",azuremonitoring,"7145.539062"
"2/5/2026, 9:41:30.000 PM",azuremonitoring,"7144.484375"
"2/5/2026, 9:40:30.000 PM",azuremonitoring,"7148.019531"
"2/5/2026, 9:39:30.000 PM",azuremonitoring,"7142.144531"
"2/5/2026, 9:38:30.000 PM",azuremonitoring,"7144.9375"
"2/5/2026, 9:37:30.000 PM",azuremonitoring,"7147.042969"
"2/5/2026, 9:36:30.000 PM",azuremonitoring,"7145.285156"
"2/5/2026, 9:35:30.000 PM",azuremonitoring,"7147.921875"
"2/5/2026, 9:34:30.000 PM",azuremonitoring,"7149.246094"
"2/5/2026, 9:33:30.000 PM",azuremonitoring,"7144.765625"
"2/5/2026, 9:32:30.000 PM",azuremonitoring,"7148.167969"
"2/5/2026, 9:31:30.000 PM",azuremonitoring,"7148.699219"
"2/5/2026, 9:30:30.000 PM",azuremonitoring,"7147.175781"
"2/5/2026, 9:29:30.000 PM",azuremonitoring,"7145.992188"
"2/5/2026, 9:28:30.000 PM",azuremonitoring,"7148.757812"
"2/5/2026, 9:27:30.000 PM",azuremonitoring,"7147.90625"
"2/5/2026, 9:26:30.000 PM",azuremonitoring,"7148.003906"
"2/5/2026, 9:25:30.000 PM",azuremonitoring,"7140.527344"
"2/5/2026, 9:24:30.000 PM",azuremonitoring,"7152.652344"
"2/5/2026, 9:23:30.000 PM",azuremonitoring,"7143.714844"
"2/5/2026, 9:22:30.000 PM",azuremonitoring,"7147.703125"
"2/5/2026, 9:21:30.000 PM",azuremonitoring,"7146.554688"
"2/5/2026, 9:20:30.000 PM",azuremonitoring,"7146.910156"
"2/5/2026, 9:19:30.000 PM",azuremonitoring,"7153.121094"
"2/5/2026, 9:18:30.000 PM",azuremonitoring,"7151.339844"
"2/5/2026, 9:17:30.000 PM",azuremonitoring,"7148.910156"
"2/5/2026, 9:16:30.000 PM",azuremonitoring,"7144.566406"
"2/5/2026, 9:15:30.000 PM",azuremonitoring,"7140.46875"
"2/5/2026, 9:14:30.000 PM",azuremonitoring,"7152.050781"
"2/5/2026, 9:13:30.000 PM",azuremonitoring,"7147.980469"
"2/5/2026, 9:12:30.000 PM",azuremonitoring,"7145.359375"
"2/5/2026, 9:11:30.000 PM",azuremonitoring,"7145.140625"
"2/5/2026, 9:10:30.000 PM",azuremonitoring,"7150.972656"
"2/5/2026, 9:09:30.000 PM",azuremonitoring,"7144.222656"
"2/5/2026, 9:08:30.000 PM",azuremonitoring,"7145.585938"
"2/5/2026, 9:07:30.000 PM",azuremonitoring,"7150.242188"
"2/5/2026, 9:06:30.000 PM",azuremonitoring,"7143.308594"
"2/5/2026, 9:05:30.000 PM",azuremonitoring,"7141.804688"
"2/5/2026, 9:04:30.000 PM",azuremonitoring,"7149.128906"
"2/5/2026, 9:03:30.000 PM",azuremonitoring,"7138.375"
"2/5/2026, 9:02:30.000 PM",azuremonitoring,"7145.832031"
"2/5/2026, 9:01:30.000 PM",azuremonitoring,"7141.433594"
"2/5/2026, 9:00:30.000 PM",azuremonitoring,"7139.753906"
"2/5/2026, 8:59:30.000 PM",azuremonitoring,"7134.40625"
"2/5/2026, 8:58:30.000 PM",azuremonitoring,"7146.089844"
"2/5/2026, 8:57:30.000 PM",azuremonitoring,"7139.085938"
"2/5/2026, 8:56:30.000 PM",azuremonitoring,"7153.1875"
"2/5/2026, 8:55:30.000 PM",azuremonitoring,"7143.5"
"2/5/2026, 8:54:30.000 PM",azuremonitoring,"7150.550781"
"2/5/2026, 8:53:30.000 PM",azuremonitoring,"7137.90625"
"2/5/2026, 8:52:30.000 PM",azuremonitoring,"7142.761719"
"2/5/2026, 8:51:30.000 PM",azuremonitoring,"7138.34375"
"2/5/2026, 8:50:30.000 PM",azuremonitoring,"7137.542969"
"2/5/2026, 8:49:30.000 PM",azuremonitoring,"7138.425781"
"2/5/2026, 8:48:30.000 PM",azuremonitoring,"7140.207031"
"2/5/2026, 8:47:30.000 PM",azuremonitoring,"7148.242188"
"2/5/2026, 8:46:30.000 PM",azuremonitoring,"7144.316406"
"2/5/2026, 8:45:30.000 PM",azuremonitoring,"7150.535156"
"2/5/2026, 8:44:30.000 PM",azuremonitoring,"7136.882812"
"2/5/2026, 8:43:30.000 PM",azuremonitoring,"7153.378906"
"2/5/2026, 8:42:30.000 PM",azuremonitoring,"7142.433594"
"2/5/2026, 8:41:30.000 PM",azuremonitoring,"7136.929688"
"2/5/2026, 8:40:30.000 PM",azuremonitoring,"7134.644531"
"2/5/2026, 8:39:30.000 PM",azuremonitoring,"7148.644531"
"2/5/2026, 8:38:30.000 PM",azuremonitoring,"7141.234375"
"2/5/2026, 8:37:30.000 PM",azuremonitoring,"7142.765625"
"2/5/2026, 8:36:30.000 PM",azuremonitoring,"7146.871094"
"2/5/2026, 8:35:30.000 PM",azuremonitoring,"7143.90625"
"2/5/2026, 8:34:30.000 PM",azuremonitoring,"7152.460938"
"2/5/2026, 8:33:30.000 PM",azuremonitoring,"7138.546875"
"2/5/2026, 8:32:30.000 PM",azuremonitoring,"7150.375"
"2/5/2026, 8:31:30.000 PM",azuremonitoring,"7146.597656"
"2/5/2026, 8:30:30.000 PM",azuremonitoring,"7143.710938"
"2/5/2026, 8:29:30.000 PM",azuremonitoring,"7148.367188"
"2/5/2026, 8:28:30.000 PM",azuremonitoring,"7143.65625"
"2/5/2026, 8:27:30.000 PM",azuremonitoring,"7145.332031"
"2/5/2026, 8:26:30.000 PM",azuremonitoring,"7148.269531"
"2/5/2026, 8:25:30.000 PM",azuremonitoring,"7143.398438"
"2/5/2026, 8:24:30.000 PM",azuremonitoring,"7146.226562"
"2/5/2026, 8:23:30.000 PM",azuremonitoring,"7143.222656"
"2/5/2026, 8:22:30.000 PM",azuremonitoring,"7143.945312"
"2/5/2026, 8:21:30.000 PM",azuremonitoring,"7149.632812"
"2/5/2026, 8:20:30.000 PM",azuremonitoring,"7146.304688"
"2/5/2026, 8:19:30.000 PM",azuremonitoring,"7146.953125"
"2/5/2026, 8:18:30.000 PM",azuremonitoring,"7141.773438"
"2/5/2026, 8:17:30.000 PM",azuremonitoring,"7145.222656"
"2/5/2026, 8:16:30.000 PM",azuremonitoring,"7139.046875"
"2/5/2026, 8:15:30.000 PM",azuremonitoring,"7147.226562"
"2/5/2026, 8:14:30.000 PM",azuremonitoring,"7152.550781"
"2/5/2026, 8:13:30.000 PM",azuremonitoring,"7147.984375"
"2/5/2026, 8:12:30.000 PM",azuremonitoring,"7145.859375"
"2/5/2026, 8:11:30.000 PM",azuremonitoring,"7145.703125"
"2/5/2026, 8:10:30.000 PM",azuremonitoring,"7148.667969"
"2/5/2026, 8:09:30.000 PM",azuremonitoring,"7147.894531"
"2/5/2026, 8:08:30.000 PM",azuremonitoring,"7151.296875"
"2/5/2026, 8:07:30.000 PM",azuremonitoring,"7143.03125"
"2/5/2026, 8:06:30.000 PM",azuremonitoring,"7147.769531"
"2/5/2026, 8:05:30.000 PM",azuremonitoring,"7146.757812"
"2/5/2026, 8:04:30.000 PM",azuremonitoring,"7146.054688"
"2/5/2026, 8:03:30.000 PM",azuremonitoring,"7148.503906"
"2/5/2026, 8:02:30.000 PM",azuremonitoring,"7144.429688"
"2/5/2026, 8:01:30.000 PM",azuremonitoring,"7136.601562"
"2/5/2026, 8:00:30.000 PM",azuremonitoring,"7149.71875"
"2/5/2026, 7:59:30.000 PM",azuremonitoring,"7152.121094"
"2/5/2026, 7:58:30.000 PM",azuremonitoring,"7150.636719"
"2/5/2026, 7:57:30.000 PM",azuremonitoring,"7141.214844"
"2/5/2026, 7:56:30.000 PM",azuremonitoring,"7145.769531"
"2/5/2026, 7:55:30.000 PM",azuremonitoring,"7146.695312"
"2/5/2026, 7:54:30.000 PM",azuremonitoring,"7143.648438"
"2/5/2026, 7:53:30.000 PM",azuremonitoring,"7144.617188"
"2/5/2026, 7:52:30.000 PM",azuremonitoring,"7145.246094"
"2/5/2026, 7:51:30.000 PM",azuremonitoring,"7145.359375"
"2/5/2026, 7:50:30.000 PM",azuremonitoring,"7142.886719"
"2/5/2026, 7:49:30.000 PM",azuremonitoring,"7150.539062"
"2/5/2026, 7:48:30.000 PM",azuremonitoring,"7150.683594"
"2/5/2026, 7:47:30.000 PM",azuremonitoring,"7148.972656"
"2/5/2026, 7:46:30.000 PM",azuremonitoring,"7144.878906"
"2/5/2026, 7:45:30.000 PM",azuremonitoring,"7149.710938"
"2/5/2026, 7:44:30.000 PM",azuremonitoring,"7150.828125"
"2/5/2026, 7:43:30.000 PM",azuremonitoring,"7144.453125"
"2/5/2026, 7:42:30.000 PM",azuremonitoring,"7138.246094"
"2/5/2026, 7:41:30.000 PM",azuremonitoring,"7142.527344"
"2/5/2026, 7:40:30.000 PM",azuremonitoring,"7143.9375"
"2/5/2026, 7:39:30.000 PM",azuremonitoring,"7147.570312"
"2/5/2026, 7:38:30.000 PM",azuremonitoring,"7146.570312"
"2/5/2026, 7:37:30.000 PM",azuremonitoring,"7146.570312"
"2/5/2026, 7:36:30.000 PM",azuremonitoring,"7146.007812"
"2/5/2026, 7:35:30.000 PM",azuremonitoring,"7145.996094"
"2/5/2026, 7:34:30.000 PM",azuremonitoring,"7148.703125"
"2/5/2026, 7:33:30.000 PM",azuremonitoring,"7140.570312"
"2/5/2026, 7:32:30.000 PM",azuremonitoring,"7143.03125"
"2/5/2026, 7:31:30.000 PM",azuremonitoring,"7150.980469"
"2/5/2026, 7:30:30.000 PM",azuremonitoring,"7144.425781"
"2/5/2026, 7:29:30.000 PM",azuremonitoring,"7147.050781"
"2/5/2026, 7:28:30.000 PM",azuremonitoring,"7150.296875"
"2/5/2026, 7:27:30.000 PM",azuremonitoring,"7150.648438"
"2/5/2026, 7:26:30.000 PM",azuremonitoring,"7151.472656"
"2/5/2026, 7:25:30.000 PM",azuremonitoring,"7155.847656"
"2/5/2026, 7:24:30.000 PM",azuremonitoring,"7152.574219"
"2/5/2026, 7:23:30.000 PM",azuremonitoring,"7152.386719"
"2/5/2026, 7:22:30.000 PM",azuremonitoring,"7141.832031"
"2/5/2026, 7:21:30.000 PM",azuremonitoring,"7140.929688"
"2/5/2026, 7:20:30.000 PM",azuremonitoring,"7153.542969"
"2/5/2026, 7:19:30.000 PM",azuremonitoring,"7143.4375"
"2/5/2026, 7:18:30.000 PM",azuremonitoring,"7136.007812"
"2/5/2026, 7:17:30.000 PM",azuremonitoring,"7143.792969"
"2/5/2026, 7:16:30.000 PM",azuremonitoring,"7144.085938"
"2/5/2026, 7:15:30.000 PM",azuremonitoring,"7140.878906"
"2/5/2026, 7:14:30.000 PM",azuremonitoring,"7138.535156"
"2/5/2026, 7:13:30.000 PM",azuremonitoring,"7139.078125"
"2/5/2026, 7:12:30.000 PM",azuremonitoring,"7132.3125"
"2/5/2026, 7:11:30.000 PM",azuremonitoring,"7136.019531"
"2/5/2026, 7:10:30.000 PM",azuremonitoring,"7140.46875"
"2/5/2026, 7:09:30.000 PM",azuremonitoring,"7134.976562"
"2/5/2026, 7:08:30.000 PM",azuremonitoring,"7141.398438"
"2/5/2026, 7:07:30.000 PM",azuremonitoring,"7145.554688"
"2/5/2026, 7:06:30.000 PM",azuremonitoring,"7144.082031"
"2/5/2026, 7:05:30.000 PM",azuremonitoring,"7137.625"
"2/5/2026, 7:04:30.000 PM",azuremonitoring,"7137.597656"
"2/5/2026, 7:03:30.000 PM",azuremonitoring,"7131.378906"
"2/5/2026, 7:02:30.000 PM",azuremonitoring,"7132.222656"
"2/5/2026, 7:01:30.000 PM",azuremonitoring,"7132.25"
"2/5/2026, 7:00:30.000 PM",azuremonitoring,"7125.089844"
"2/5/2026, 6:59:30.000 PM",azuremonitoring,"7128.488281"
"2/5/2026, 6:58:30.000 PM",azuremonitoring,"7116.835938"
"2/5/2026, 6:57:30.000 PM",azuremonitoring,"7119.027344"
"2/5/2026, 6:56:30.000 PM",azuremonitoring,"7143.960938"
"2/5/2026, 6:55:30.000 PM",azuremonitoring,"7145.367188"
"2/5/2026, 6:54:30.000 PM",azuremonitoring,"7132.480469"
"2/5/2026, 6:53:30.000 PM",azuremonitoring,"7139.875"
"2/5/2026, 6:52:30.000 PM",azuremonitoring,"7138.605469"
"2/5/2026, 6:51:30.000 PM",azuremonitoring,"7139.40625"
"2/5/2026, 6:50:30.000 PM",azuremonitoring,"7140.375"
"2/5/2026, 6:49:30.000 PM",azuremonitoring,"7140.601562"
"2/5/2026, 6:48:30.000 PM",azuremonitoring,"7141.304688"
"2/5/2026, 6:47:30.000 PM",azuremonitoring,"7145.949219"
"2/5/2026, 6:46:30.000 PM",azuremonitoring,"7139.59375"
"2/5/2026, 6:45:30.000 PM",azuremonitoring,"7146.5"
"2/5/2026, 6:44:30.000 PM",azuremonitoring,"7151.585938"
"2/5/2026, 6:43:30.000 PM",azuremonitoring,"7154.117188"
"2/5/2026, 6:42:30.000 PM",azuremonitoring,"7149.652344"
"2/5/2026, 6:41:30.000 PM",azuremonitoring,"7148.230469"
"2/5/2026, 6:40:30.000 PM",azuremonitoring,"7148.167969"
"2/5/2026, 6:39:30.000 PM",azuremonitoring,"7150.609375"
"2/5/2026, 6:38:30.000 PM",azuremonitoring,"7151.039062"
"2/5/2026, 6:37:30.000 PM",azuremonitoring,"7154.695312"
"2/5/2026, 6:36:30.000 PM",azuremonitoring,"7148.679688"
"2/5/2026, 6:35:30.000 PM",azuremonitoring,"7145.082031"
"2/5/2026, 6:34:30.000 PM",azuremonitoring,"7153.648438"
"2/5/2026, 6:33:30.000 PM",azuremonitoring,"7149.746094"
"2/5/2026, 6:32:30.000 PM",azuremonitoring,"7144.90625"
"2/5/2026, 6:31:30.000 PM",azuremonitoring,"7138.695312"
"2/5/2026, 6:30:30.000 PM",azuremonitoring,"7143.765625"
"2/5/2026, 6:29:30.000 PM",azuremonitoring,"7149.597656"
"2/5/2026, 6:28:30.000 PM",azuremonitoring,"7149.089844"
"2/5/2026, 6:27:30.000 PM",azuremonitoring,"7150.976562"
"2/5/2026, 6:26:30.000 PM",azuremonitoring,"7158.945312"
"2/5/2026, 6:25:30.000 PM",azuremonitoring,"7153.859375"
"2/5/2026, 6:24:30.000 PM",azuremonitoring,"7156.8125"
"2/5/2026, 6:23:30.000 PM",azuremonitoring,"7151.480469"
"2/5/2026, 6:22:30.000 PM",azuremonitoring,"7147.96875"
"2/5/2026, 6:21:30.000 PM",azuremonitoring,"7146.175781"
"2/5/2026, 6:20:30.000 PM",azuremonitoring,"7148.738281"
"2/5/2026, 6:19:30.000 PM",azuremonitoring,"7154.507812"
"2/5/2026, 6:18:30.000 PM",azuremonitoring,"7159.175781"
"2/5/2026, 6:17:30.000 PM",azuremonitoring,"7158.625"
"2/5/2026, 6:16:30.000 PM",azuremonitoring,"7156.363281"
"2/5/2026, 6:15:30.000 PM",azuremonitoring,"7161.300781"
"2/5/2026, 6:14:30.000 PM",azuremonitoring,"7161.375"
"2/5/2026, 6:13:30.000 PM",azuremonitoring,"7161.878906"
"2/5/2026, 6:12:30.000 PM",azuremonitoring,"7156.707031"
"2/5/2026, 6:11:30.000 PM",azuremonitoring,"7157.953125"
"2/5/2026, 6:10:30.000 PM",azuremonitoring,"7154.339844"
"2/5/2026, 6:09:30.000 PM",azuremonitoring,"7162.054688"
"2/5/2026, 6:08:30.000 PM",azuremonitoring,"7159.429688"
"2/5/2026, 6:07:30.000 PM",azuremonitoring,"7162.488281"
"2/5/2026, 6:06:30.000 PM",azuremonitoring,"7159.367188"
"2/5/2026, 6:05:30.000 PM",azuremonitoring,"7163.335938"
"2/5/2026, 6:04:30.000 PM",azuremonitoring,"7161.519531"
"2/5/2026, 6:03:30.000 PM",azuremonitoring,"7159.035156"
"2/5/2026, 6:02:30.000 PM",azuremonitoring,"7160.433594"
"2/5/2026, 6:01:30.000 PM",azuremonitoring,"7162.4375"
"2/5/2026, 6:00:30.000 PM",azuremonitoring,"7152.316406"
"2/5/2026, 5:59:30.000 PM",azuremonitoring,"7163.5625"
"2/5/2026, 5:58:30.000 PM",azuremonitoring,"7154.851562"
"2/5/2026, 5:57:30.000 PM",azuremonitoring,"7158.214844"
"2/5/2026, 5:56:30.000 PM",azuremonitoring,"7151.328125"
"2/5/2026, 5:55:30.000 PM",azuremonitoring,"7157.304688"
"2/5/2026, 5:54:30.000 PM",azuremonitoring,"7161.570312"
"2/5/2026, 5:53:30.000 PM",azuremonitoring,"7159.21875"
"2/5/2026, 5:52:30.000 PM",azuremonitoring,"7159.238281"
"2/5/2026, 5:51:30.000 PM",azuremonitoring,"7163.027344"
"2/5/2026, 5:50:30.000 PM",azuremonitoring,"7158.5"
"2/5/2026, 5:49:30.000 PM",azuremonitoring,"7164.5625"
"2/5/2026, 5:48:30.000 PM",azuremonitoring,"7159.402344"
"2/5/2026, 5:47:30.000 PM",azuremonitoring,"7162.113281"
"2/5/2026, 5:46:30.000 PM",azuremonitoring,"7157.558594"
"2/5/2026, 5:45:30.000 PM",azuremonitoring,"7163.757812"
"2/5/2026, 5:44:30.000 PM",azuremonitoring,"7157.136719"
"2/5/2026, 5:43:30.000 PM",azuremonitoring,"7161.558594"
"2/5/2026, 5:42:30.000 PM",azuremonitoring,"7151.820312"
"2/5/2026, 5:41:30.000 PM",azuremonitoring,"7158.140625"
"2/5/2026, 5:40:30.000 PM",azuremonitoring,"7159.945312"
"2/5/2026, 5:39:30.000 PM",azuremonitoring,"7163.347656"
"2/5/2026, 5:38:30.000 PM",azuremonitoring,"7158.492188"
"2/5/2026, 5:37:30.000 PM",azuremonitoring,"7162.070312"
"2/5/2026, 5:36:30.000 PM",azuremonitoring,"7155.023438"
"2/5/2026, 5:35:30.000 PM",azuremonitoring,"7158.875"
"2/5/2026, 5:34:30.000 PM",azuremonitoring,"7157.347656"
"2/5/2026, 5:33:30.000 PM",azuremonitoring,"7158.183594"
"2/5/2026, 5:32:30.000 PM",azuremonitoring,"7164.148438"
"2/5/2026, 5:31:30.000 PM",azuremonitoring,"7149.554688"
"2/5/2026, 5:30:30.000 PM",azuremonitoring,"7155.40625"
"2/5/2026, 5:29:30.000 PM",azuremonitoring,"7166.566406"
"2/5/2026, 5:28:30.000 PM",azuremonitoring,"7152.707031"
"2/5/2026, 5:27:30.000 PM",azuremonitoring,"7161.746094"
"2/5/2026, 5:26:30.000 PM",azuremonitoring,"7161.246094"
"2/5/2026, 5:25:30.000 PM",azuremonitoring,"7158.570312"
"2/5/2026, 5:24:30.000 PM",azuremonitoring,"7166.40625"
"2/5/2026, 5:23:30.000 PM",azuremonitoring,"7163.40625"
"2/5/2026, 5:22:30.000 PM",azuremonitoring,"7163.589844"
"2/5/2026, 5:21:30.000 PM",azuremonitoring,"7151.097656"
"2/5/2026, 5:20:30.000 PM",azuremonitoring,"7160.222656"
"2/5/2026, 5:19:30.000 PM",azuremonitoring,"7165.636719"
"2/5/2026, 5:18:30.000 PM",azuremonitoring,"7157.898438"
"2/5/2026, 5:17:30.000 PM",azuremonitoring,"7153.921875"
"2/5/2026, 5:16:30.000 PM",azuremonitoring,"7145.757812"
"2/5/2026, 5:15:30.000 PM",azuremonitoring,"7132.734375"
"2/5/2026, 5:14:30.000 PM",azuremonitoring,"7132.683594"
"2/5/2026, 5:13:30.000 PM",azuremonitoring,"7137.972656"
"2/5/2026, 5:12:30.000 PM",azuremonitoring,"7130.660156"
"2/5/2026, 5:11:30.000 PM",azuremonitoring,"7130.464844"
"2/5/2026, 5:10:30.000 PM",azuremonitoring,"7132.609375"
"2/5/2026, 5:09:30.000 PM",azuremonitoring,"7137.570312"
"2/5/2026, 5:08:30.000 PM",azuremonitoring,"7149.714844"
"2/5/2026, 5:07:30.000 PM",azuremonitoring,"7154.367188"
"2/5/2026, 5:06:30.000 PM",azuremonitoring,"7157.019531"
"2/5/2026, 5:05:30.000 PM",azuremonitoring,"7153.007812"
"2/5/2026, 5:04:30.000 PM",azuremonitoring,"7145.882812"
"2/5/2026, 5:03:30.000 PM",azuremonitoring,"7145.8125"
"2/5/2026, 5:02:30.000 PM",azuremonitoring,"7146.664062"
"2/5/2026, 5:01:30.000 PM",azuremonitoring,"7145.65625"
"2/5/2026, 5:00:30.000 PM",azuremonitoring,"7149.058594"
"2/5/2026, 4:59:30.000 PM",azuremonitoring,"7149.820312"
"2/5/2026, 4:58:30.000 PM",azuremonitoring,"7149.988281"
"2/5/2026, 4:57:30.000 PM",azuremonitoring,"7147.925781"
"2/5/2026, 4:56:30.000 PM",azuremonitoring,"7147.839844"
"2/5/2026, 4:55:30.000 PM",azuremonitoring,"7152.035156"
"2/5/2026, 4:54:30.000 PM",azuremonitoring,"7153.421875"
"2/5/2026, 4:53:30.000 PM",azuremonitoring,"7143.074219"
"2/5/2026, 4:52:30.000 PM",azuremonitoring,"7144.339844"
"2/5/2026, 4:51:30.000 PM",azuremonitoring,"7149.949219"
"2/5/2026, 4:50:30.000 PM",azuremonitoring,"7150.609375"
"2/5/2026, 4:49:30.000 PM",azuremonitoring,"7154.554688"
"2/5/2026, 4:48:30.000 PM",azuremonitoring,"7158.824219"
"2/5/2026, 4:47:30.000 PM",azuremonitoring,"7164.359375"
"2/5/2026, 4:46:30.000 PM",azuremonitoring,"7145.351562"
"2/5/2026, 4:45:30.000 PM",azuremonitoring,"7145.128906"
"2/5/2026, 4:44:30.000 PM",azuremonitoring,"7150.5"
"2/5/2026, 4:43:30.000 PM",azuremonitoring,"7152.171875"
"2/5/2026, 4:42:30.000 PM",azuremonitoring,"7145.359375"
"2/5/2026, 4:41:30.000 PM",azuremonitoring,"7145.40625"
"2/5/2026, 4:40:30.000 PM",azuremonitoring,"7151.289062"
"2/5/2026, 4:39:30.000 PM",azuremonitoring,"7151.949219"
"2/5/2026, 4:38:30.000 PM",azuremonitoring,"7151.894531"
"2/5/2026, 4:37:30.000 PM",azuremonitoring,"7157.675781"
"2/5/2026, 4:36:30.000 PM",azuremonitoring,"7158.710938"
"2/5/2026, 4:35:30.000 PM",azuremonitoring,"7151.746094"
"2/5/2026, 4:34:30.000 PM",azuremonitoring,"7157.15625"
"2/5/2026, 4:33:30.000 PM",azuremonitoring,"7157.917969"
"2/5/2026, 4:32:30.000 PM",azuremonitoring,"7153.117188"
"2/5/2026, 4:31:30.000 PM",azuremonitoring,"7158.558594"
"2/5/2026, 4:30:30.000 PM",azuremonitoring,"7159.242188"
"2/5/2026, 4:29:30.000 PM",azuremonitoring,"7168.695312"
"2/5/2026, 4:28:30.000 PM",azuremonitoring,"7161.625"
"2/5/2026, 4:27:30.000 PM",azuremonitoring,"7162.207031"
"2/5/2026, 4:26:30.000 PM",azuremonitoring,"7165.621094"
"2/5/2026, 4:25:30.000 PM",azuremonitoring,"7163.375"
"2/5/2026, 4:24:30.000 PM",azuremonitoring,"7161.566406"
"2/5/2026, 4:23:30.000 PM",azuremonitoring,"7165.921875"
"2/5/2026, 4:22:30.000 PM",azuremonitoring,"7163.59375"
"2/5/2026, 4:21:30.000 PM",azuremonitoring,"7161.570312"
"2/5/2026, 4:20:30.000 PM",azuremonitoring,"7164.898438"
"2/5/2026, 4:19:30.000 PM",azuremonitoring,"7171.320312"
"2/5/2026, 4:18:30.000 PM",azuremonitoring,"7171.527344"
"2/5/2026, 4:17:30.000 PM",azuremonitoring,"7165.3125"
"2/5/2026, 4:16:30.000 PM",azuremonitoring,"7163.238281"
"2/5/2026, 4:15:30.000 PM",azuremonitoring,"7166.808594"
"2/5/2026, 4:14:30.000 PM",azuremonitoring,"7158.65625"
"2/5/2026, 4:13:30.000 PM",azuremonitoring,"7162.703125"
"2/5/2026, 4:12:30.000 PM",azuremonitoring,"7157.511719"
"2/5/2026, 4:11:30.000 PM",azuremonitoring,"7166.039062"
"2/5/2026, 4:10:30.000 PM",azuremonitoring,"7150.96875"
"2/5/2026, 4:09:30.000 PM",azuremonitoring,"7153.449219"
"2/5/2026, 4:08:30.000 PM",azuremonitoring,"7151.515625"
"2/5/2026, 4:07:30.000 PM",azuremonitoring,"7162.679688"
"2/5/2026, 4:06:30.000 PM",azuremonitoring,7163
"2/5/2026, 4:05:30.000 PM",azuremonitoring,"7166.742188"
"2/5/2026, 4:04:30.000 PM",azuremonitoring,"7157.027344"
"2/5/2026, 4:03:30.000 PM",azuremonitoring,"7158.007812"
"2/5/2026, 4:02:30.000 PM",azuremonitoring,"7169.546875"
"2/5/2026, 4:01:30.000 PM",azuremonitoring,"7162.859375"
"2/5/2026, 4:00:30.000 PM",azuremonitoring,"7164.234375"
"2/5/2026, 3:59:30.000 PM",azuremonitoring,"7163.75"
"2/5/2026, 3:58:30.000 PM",azuremonitoring,"7172.585938"
"2/5/2026, 3:57:30.000 PM",azuremonitoring,"7167.464844"
"2/5/2026, 3:56:30.000 PM",azuremonitoring,"7160.1875"
"2/5/2026, 3:55:30.000 PM",azuremonitoring,"7171.042969"
"2/5/2026, 3:54:30.000 PM",azuremonitoring,"7167.894531"
"2/5/2026, 3:53:30.000 PM",azuremonitoring,"7166.90625"
"2/5/2026, 3:52:30.000 PM",azuremonitoring,"7162.578125"
"2/5/2026, 3:51:30.000 PM",azuremonitoring,"7165.179688"
"2/5/2026, 3:50:30.000 PM",azuremonitoring,"7164.117188"
"2/5/2026, 3:49:30.000 PM",azuremonitoring,"7166.3125"
"2/5/2026, 3:48:30.000 PM",azuremonitoring,"7168.25"
"2/5/2026, 3:47:30.000 PM",azuremonitoring,"7165.53125"
"2/5/2026, 3:46:30.000 PM",azuremonitoring,"7167.117188"
"2/5/2026, 3:45:30.000 PM",azuremonitoring,"7169.355469"
"2/5/2026, 3:44:30.000 PM",azuremonitoring,"7169.730469"
"2/5/2026, 3:43:30.000 PM",azuremonitoring,"7173.367188"
"2/5/2026, 3:42:30.000 PM",azuremonitoring,"7171.617188"
"2/5/2026, 3:41:30.000 PM",azuremonitoring,"7169.300781"
"2/5/2026, 3:40:30.000 PM",azuremonitoring,"7166.789062"
"2/5/2026, 3:39:30.000 PM",azuremonitoring,"7174.695312"
"2/5/2026, 3:38:30.000 PM",azuremonitoring,"7170.832031"
"2/5/2026, 3:37:30.000 PM",azuremonitoring,"7172.144531"
"2/5/2026, 3:36:30.000 PM",azuremonitoring,"7167.609375"
"2/5/2026, 3:35:30.000 PM",azuremonitoring,"7169.957031"
"2/5/2026, 3:34:30.000 PM",azuremonitoring,"7172.148438"
"2/5/2026, 3:33:30.000 PM",azuremonitoring,"7174.214844"
"2/5/2026, 3:32:30.000 PM",azuremonitoring,"7173.507812"
"2/5/2026, 3:31:30.000 PM",azuremonitoring,"7171.964844"
"2/5/2026, 3:30:30.000 PM",azuremonitoring,"7171.464844"
"2/5/2026, 3:29:30.000 PM",azuremonitoring,"7171.503906"
"2/5/2026, 3:28:30.000 PM",azuremonitoring,"7165.84375"
"2/5/2026, 3:27:30.000 PM",azuremonitoring,"7166.644531"
"2/5/2026, 3:26:30.000 PM",azuremonitoring,"7172.90625"
"2/5/2026, 3:25:30.000 PM",azuremonitoring,"7159.097656"
"2/5/2026, 3:24:30.000 PM",azuremonitoring,"7166.21875"
"2/5/2026, 3:23:30.000 PM",azuremonitoring,"7160.597656"
"2/5/2026, 3:22:30.000 PM",azuremonitoring,"7163.046875"
"2/5/2026, 3:21:30.000 PM",azuremonitoring,"7172.164062"
"2/5/2026, 3:20:30.000 PM",azuremonitoring,"7173.695312"
"2/5/2026, 3:19:30.000 PM",azuremonitoring,"7174.507812"
"2/5/2026, 3:18:30.000 PM",azuremonitoring,"7175.230469"
"2/5/2026, 3:17:30.000 PM",azuremonitoring,"7172.730469"
"2/5/2026, 3:16:30.000 PM",azuremonitoring,"7176.167969"
"2/5/2026, 3:15:30.000 PM",azuremonitoring,"7182.902344"
"2/5/2026, 3:14:30.000 PM",azuremonitoring,"7183.59375"
"2/5/2026, 3:13:30.000 PM",azuremonitoring,"7180.773438"
"2/5/2026, 3:12:30.000 PM",azuremonitoring,"7181.398438"
"2/5/2026, 3:11:30.000 PM",azuremonitoring,"7181.078125"
"2/5/2026, 3:10:30.000 PM",azuremonitoring,"7179.21875"
"2/5/2026, 3:09:30.000 PM",azuremonitoring,"7177.300781"
"2/5/2026, 3:08:30.000 PM",azuremonitoring,"7185.417969"
"2/5/2026, 3:07:30.000 PM",azuremonitoring,"7182.164062"
"2/5/2026, 3:06:30.000 PM",azuremonitoring,"7181.953125"
"2/5/2026, 3:05:30.000 PM",azuremonitoring,"7183.730469"
"2/5/2026, 3:04:30.000 PM",azuremonitoring,"7162.683594"
"2/5/2026, 3:03:30.000 PM",azuremonitoring,"7163.359375"
"2/5/2026, 3:02:30.000 PM",azuremonitoring,"7167.570312"
"2/5/2026, 3:01:30.000 PM",azuremonitoring,"7167.734375"
"2/5/2026, 3:00:30.000 PM",azuremonitoring,"7165.601562"
